{"cameraMode":{"drawMode":0,"name":"Shaded","section":"Shading Mode"},"sceneLighting":false,"audioPlay":false,"sceneViewState":{"showFog":true,"showMaterialUpdate":false,"showSkybox":false,"showFlares":true,"showImageEffects":true,"showParticleSystems":true},"in2DMode":false,"pivot":{"x":6.239999771118164,"y":5.489999771118164,"z":4.300000190734863},"rotation":{"x":-0.03112711012363434,"y":0.35544341802597048,"z":-0.011842810548841954,"w":-0.9341088533401489},"size":0.8660253882408142,"orthographic":false}