{"cameraMode":{"drawMode":0,"name":"Shaded","section":"Shading Mode"},"sceneLighting":false,"audioPlay":false,"sceneViewState":{"showFog":true,"showMaterialUpdate":false,"showSkybox":false,"showFlares":true,"showImageEffects":true,"showParticleSystems":true},"in2DMode":false,"pivot":{"x":1.0200004577636719,"y":0.8999999761581421,"z":-13.229999542236329},"rotation":{"x":0.376181036233902,"y":-0.02640324831008911,"z":0.01074121706187725,"w":0.926181435585022},"size":10.052984237670899,"orthographic":false}